-- Limpieza & Inicializacion

-- drop tables por orden de dependencia si existen

DROP TABLE DETALLE_SERVICIO CASCADE CONSTRAINTS;
DROP TABLE MANTENCION CASCADE CONSTRAINTS;

DROP TABLE AUTOMOVIL CASCADE CONSTRAINTS;
DROP TABLE MODELO CASCADE CONSTRAINTS;

DROP TABLE PREMIUM CASCADE CONSTRAINTS;
DROP TABLE ESTANDAR CASCADE CONSTRAINTS;

DROP TABLE MECANICO CASCADE CONSTRAINTS;

DROP TABLE SUCURSAL CASCADE CONSTRAINTS;
DROP TABLE CIUDAD CASCADE CONSTRAINTS;

DROP TABLE SERVICIO CASCADE CONSTRAINTS;
DROP TABLE TIPO_AUTOMOVIL CASCADE CONSTRAINTS;
DROP TABLE MARCA CASCADE CONSTRAINTS;
DROP TABLE CLIENTE CASCADE CONSTRAINTS;
DROP TABLE PAIS CASCADE CONSTRAINTS;

-- drop secuencias si existen

DROP SEQUENCE SEQ_SERVICIO;
DROP SEQUENCE SEQ_CIUDAD;


------------------------------------------------------------
------------------------------------------------------------

-- Caso 1: Implementación del modelo

-- tablas fuertes

CREATE TABLE PAIS (
    id_pais NUMBER(3) GENERATED BY DEFAULT AS IDENTITY 
        (START WITH 9 INCREMENT BY 3),
    nom_pais VARCHAR2(30) NOT NULL,
    CONSTRAINT PAIS_PK PRIMARY KEY (id_pais)
);

CREATE TABLE TIPO_AUTOMOVIL (
    id_tipo CHAR(3),
    descripcion VARCHAR2(20) NOT NULL,
    CONSTRAINT TIPO_AUTOMOVIL_PK PRIMARY KEY (id_tipo)
);

CREATE TABLE MARCA (
    id_marca NUMBER(2),
    descripcion VARCHAR2(20) NOT NULL,
    CONSTRAINT MARCA_PK PRIMARY KEY (id_marca)
);

CREATE TABLE SERVICIO (
    id_servicio NUMBER(3),
    descripcion VARCHAR2(100) NOT NULL,
    costo NUMBER(7) NOT NULL,
    CONSTRAINT SERVICIO_PK PRIMARY KEY (id_servicio),
    CONSTRAINT SERVICIO_CK_COSTO CHECK (costo >= 0)
);

CREATE TABLE CLIENTE (
    rut NUMBER(8),
    dv CHAR(1) NOT NULL,
    pnombre VARCHAR2(20) NOT NULL,
    snombre VARCHAR2(20),
    apaterno VARCHAR2(20) NOT NULL,
    amaterno VARCHAR2(20) NOT NULL,
    telefono VARCHAR2(12),
    email VARCHAR2(40),
    tipo_cli CHAR(1) NOT NULL,
    CONSTRAINT CLIENTE_PK PRIMARY KEY (rut),
    CONSTRAINT CLIENTE_CK_TIPO CHECK (tipo_cli IN ('E','P'))
);

-- tablas con dependencias simples

-- depende de PAIS
CREATE TABLE CIUDAD (
    id_ciudad NUMBER(3),
    nom_ciudad VARCHAR2(30) NOT NULL,
    cod_pais NUMBER(3) NOT NULL,
    CONSTRAINT CIUDAD_PK PRIMARY KEY (id_ciudad),
    CONSTRAINT CIUDAD_FK_PAIS FOREIGN KEY (cod_pais)
        REFERENCES PAIS(id_pais)
);

-- depende de CIUDAD
CREATE TABLE SUCURSAL (
    id_sucursal CHAR(3),
    nom_sucursal VARCHAR2(20) NOT NULL,
    calle VARCHAR2(20) NOT NULL,
    num_calle NUMBER(4) NOT NULL,
    cod_ciudad NUMBER(3) NOT NULL,
    CONSTRAINT SUCURSAL_PK PRIMARY KEY (id_sucursal),
    CONSTRAINT SUCURSAL_FK_CIUDAD FOREIGN KEY (cod_ciudad)
        REFERENCES CIUDAD(id_ciudad)
);

-- autoreferencial
CREATE TABLE MECANICO (
    cod_mecanico NUMBER(5) GENERATED BY DEFAULT AS IDENTITY
        (START WITH 460 INCREMENT BY 7),
    pnombre VARCHAR2(20) NOT NULL,
    snombre VARCHAR2(20),
    apaterno VARCHAR2(20) NOT NULL,
    amaterno VARCHAR2(20) NOT NULL,
    bono_jefatura NUMBER(10),
    sueldo NUMBER(10) NOT NULL,
    monto_impuestos NUMBER(10) NOT NULL,
    cod_supervisor NUMBER(5),
    CONSTRAINT MECANICO_PK PRIMARY KEY (cod_mecanico),
    CONSTRAINT MECANICO_FK_MECANICO FOREIGN KEY (cod_supervisor)
        REFERENCES MECANICO(cod_mecanico),
    CONSTRAINT MECANICO_CK_SUELDO CHECK (sueldo >= 0)
);

-- depende de MARCA
CREATE TABLE MODELO (
    id_modelo NUMBER(5),
    marca_id NUMBER(2),
    descripcion VARCHAR2(20) NOT NULL,
    CONSTRAINT MODELO_PK PRIMARY KEY (id_modelo, marca_id),
    CONSTRAINT MODELO_FK_MARCA FOREIGN KEY (marca_id)
        REFERENCES MARCA(id_marca)
);

-- tablas con dependencias multiples

-- depende de CLIENTE, MODELO, TIPO_AUTOMOVIL
CREATE TABLE AUTOMOVIL (
    patente CHAR(8),
    annio NUMBER(4) NOT NULL,
    cant_puertas NUMBER(1) NOT NULL,
    km NUMBER(6),
    color VARCHAR2(30),
    cod_tipo_auto CHAR(3) NOT NULL,
    cod_modelo NUMBER(5) NOT NULL,
    cod_marca NUMBER(2) NOT NULL,
    cl_rut NUMBER(8) NOT NULL,
    CONSTRAINT AUTOMOVIL_PK PRIMARY KEY (patente),
    CONSTRAINT AUTOMOVIL_FK_CLIENTE FOREIGN KEY (cl_rut)
        REFERENCES CLIENTE(rut),
    CONSTRAINT AUTOMOVIL_FK_MODELO FOREIGN KEY (cod_modelo, cod_marca)
        REFERENCES MODELO(id_modelo, marca_id),
    CONSTRAINT AUTOMOVIL_FK_TIPO FOREIGN KEY (cod_tipo_auto)
        REFERENCES TIPO_AUTOMOVIL(id_tipo)
);

-- depende de SUCURSAL, AUTOMOVIL, MECANICO
CREATE TABLE MANTENCION (
    num_mantencion NUMBER(4),
    cod_sucursal CHAR(3) NOT NULL,
    fecha_ingreso DATE NOT NULL,
    fecha_salida DATE,
    patente_auto CHAR(8) NOT NULL,
    cod_mecanico NUMBER(5) NOT NULL,
    costo_total NUMBER(7) NOT NULL,
    estado VARCHAR2(15),
    CONSTRAINT MANTENCION_PK PRIMARY KEY (num_mantencion),
    CONSTRAINT MANT_FK_SUCURSAL FOREIGN KEY (cod_sucursal)
        REFERENCES SUCURSAL(id_sucursal),
    CONSTRAINT MANT_FK_AUTOMOVIL FOREIGN KEY (patente_auto)
        REFERENCES AUTOMOVIL(patente),
    CONSTRAINT MANT_FK_MECANICO FOREIGN KEY (cod_mecanico)
        REFERENCES MECANICO(cod_mecanico),
    CONSTRAINT MANT_CK_COSTO CHECK (costo_total >= 0)
);

-- depende de MANTENCION y SERVICIO
CREATE TABLE DETALLE_SERVICIO (
    mantencion_num NUMBER(4),
    cod_servicio NUMBER(3),
    descuento_serv NUMBER(4,3),
    cantidad NUMBER(3) NOT NULL,
    CONSTRAINT DETALLE_SERVICIO_PK 
        PRIMARY KEY (mantencion_num, cod_servicio),
    CONSTRAINT DET_SERV_FK_MANTENCION 
        FOREIGN KEY (mantencion_num)
        REFERENCES MANTENCION(num_mantencion),
    CONSTRAINT DET_SERV_FK_SERVICIO 
        FOREIGN KEY (cod_servicio)
        REFERENCES SERVICIO(id_servicio),
    CONSTRAINT DET_SERV_CK_CANT CHECK (cantidad > 0)
);


-- subtipos de cliente

CREATE TABLE PREMIUM (
    cl_rut NUMBER(8),
    pesos_clientes NUMBER(10),
    monto_credito NUMBER(10),
    CONSTRAINT PREMIUM_PK PRIMARY KEY (cl_rut),
    CONSTRAINT PREMIUM_FK_CLIENTE FOREIGN KEY (cl_rut)
        REFERENCES CLIENTE(rut)
);

CREATE TABLE ESTANDAR (
    cl_rut NUMBER(8),
    puntaje_fidelidad NUMBER(10),
    CONSTRAINT ESTANDAR_PK PRIMARY KEY (cl_rut),
    CONSTRAINT ESTANDAR_FK_CLIENTE FOREIGN KEY (cl_rut)
        REFERENCES CLIENTE(rut)
);


------------------------------------------------------------
------------------------------------------------------------

-- Caso 2:Modificación del modelo


-- ELIMINAR ATRIBUTO DERIVADO costo_total DE MANTENCION

-- Primero eliminar la restricción CHECK asociada si existe
ALTER TABLE MANTENCION
DROP CONSTRAINT MANT_CK_COSTO;

-- Luego eliminar la columna derivada
ALTER TABLE MANTENCION
DROP COLUMN costo_total;


-- MODIFICAR CLAVE PRIMARIA DE MANTENCION

-- Eliminar FK en DETALLE_SERVICIO que apunta a MANTENCION
ALTER TABLE DETALLE_SERVICIO
DROP CONSTRAINT DET_SERV_FK_MANTENCION;

-- Eliminar clave primaria actual de MANTENCION
ALTER TABLE MANTENCION
DROP CONSTRAINT MANTENCION_PK;

-- Crear nueva clave primaria compuesta
ALTER TABLE MANTENCION
ADD CONSTRAINT MANTENCION_PK
PRIMARY KEY (num_mantencion, cod_sucursal);

-- Agregar columna cod_sucursal en DETALLE_SERVICIO para poder crear la nueva FK compuesta
ALTER TABLE DETALLE_SERVICIO
ADD cod_sucursal CHAR(3);

-- Crear nueva clave foránea compuesta
ALTER TABLE DETALLE_SERVICIO
ADD CONSTRAINT DET_SERV_FK_MANTENCION
FOREIGN KEY (mantencion_num, cod_sucursal)
REFERENCES MANTENCION (num_mantencion, cod_sucursal);


--Email opcional pero unico

ALTER TABLE CLIENTE
ADD CONSTRAINT CLIENTE_UN_EMAIL
UNIQUE (email);


-- Valida digito verificador en rut DV

ALTER TABLE CLIENTE
ADD CONSTRAINT CLIENTE_CK_DV
CHECK (dv IN ('0','1','2','3','4','5','6','7','8','9','K'));


-- Sueldo minimo para mecanico

-- Eliminar restricción anterior si existe
ALTER TABLE MECANICO
DROP CONSTRAINT MECANICO_CK_SUELDO;

-- Crear nueva restricción con sueldo mínimo
ALTER TABLE MECANICO
ADD CONSTRAINT MECANICO_CK_SUELDO
CHECK (sueldo >= 510000);


-- Controlar estados de mantencion

ALTER TABLE MANTENCION
ADD CONSTRAINT MANTENCION_CK_ESTADO
CHECK (estado IN ('Reserva','Ingresado','Entregado','Anulado'));


-- Para permitir inserciones en mantencion sin instancias de automovil
-- no se usa
--ALTER TABLE MANTENCION
--MODIFY patente_auto NULL;


------------------------------------------------------------
------------------------------------------------------------

-- Caso 3: Poblamiento del modelo

-- Secuencia para servicio: parte en 400 y aumenta de 2 en 2
CREATE SEQUENCE SEQ_SERVICIO
START WITH 400
INCREMENT BY 2
NOCACHE
NOCYCLE;


-- Secuancia para ciudad: parte en 165 y aumenta de 5 en 5
CREATE SEQUENCE SEQ_CIUDAD
START WITH 165
INCREMENT BY 5
NOCACHE
NOCYCLE;

-- INSERTS

INSERT INTO PAIS (nom_pais) VALUES ('Chile');
INSERT INTO PAIS (nom_pais) VALUES ('Peru');
INSERT INTO PAIS (nom_pais) VALUES ('Colombia');

INSERT INTO CIUDAD VALUES (SEQ_CIUDAD.NEXTVAL, 'Santiago', 9);
INSERT INTO CIUDAD VALUES (SEQ_CIUDAD.NEXTVAL, 'Lima', 12);
INSERT INTO CIUDAD VALUES (SEQ_CIUDAD.NEXTVAL, 'Bogota', 15);

INSERT INTO SUCURSAL VALUES ('S01','Providencia','Av. A. Varas',234,165);
INSERT INTO SUCURSAL VALUES ('S02','Las 4 esquinas','Av. Latina',669,170);
INSERT INTO SUCURSAL VALUES ('S03','El Cafetero','Av. El Faro',900,175);

INSERT INTO SERVICIO VALUES (SEQ_SERVICIO.NEXTVAL,'Cambio Luces',45000);
INSERT INTO SERVICIO VALUES (SEQ_SERVICIO.NEXTVAL,'Desabolladura',67000);
INSERT INTO SERVICIO VALUES (SEQ_SERVICIO.NEXTVAL,'Revision Frenos',30000);
INSERT INTO SERVICIO VALUES (SEQ_SERVICIO.NEXTVAL,'Cambio Puerta Trasera',50000);

--INSERT INTO MECANICO (pnombre,snombre,apaterno,amaterno,bono_jefatura,sueldo,monto_impuestos,cod_supervisor)
INSERT INTO MECANICO VALUES ('Jorge','Pablo','Soto','Sierpe',5400000,2759000,223580,NULL);
INSERT INTO MECANICO VALUES (DEFAULT,'Pedro','Jose','Manriquez','Corral',NULL,759000,23980,NULL);
INSERT INTO MECANICO VALUES (DEFAULT,'Sandra','Josefa','Letelier','S.',0,659000,22358,460);
INSERT INTO MECANICO VALUES (DEFAULT,'Felipe','M.','Vidal','A.',NULL,759000,23580,460);
INSERT INTO MECANICO VALUES (DEFAULT,'Jose','Miguel','Troncoso','B.',NULL,659000,44580,474);
INSERT INTO MECANICO VALUES (DEFAULT,'Juan','Pablo','Sanchez','R.',NULL,859000,23380,474);
INSERT INTO MECANICO VALUES (DEFAULT,'Carlos','Felipe','Soto','J.',0,597000,23580,474);
INSERT INTO MECANICO VALUES (DEFAULT,'Alberto','P.','Cerda','Ramirez',NULL,559000,22380,460);
INSERT INTO MECANICO VALUES (DEFAULT,'Alejandra','Gabriela','Infanti','R.',NULL,659000,22380,460);
INSERT INTO MECANICO VALUES (DEFAULT,'Roberto','Patricio','Gutierrez','Sosa',NULL,859000,22380,460);


/*INSERT INTO MANTENCION 
(num_mantencion,cod_sucursal,fecha_ingreso,fecha_salida,patente_auto,cod_mecanico,estado)
VALUES (101,'S01',TO_DATE('12-04-2023','DD-MM-YYYY'),NULL,NULL,481,'Reserva');

INSERT INTO MANTENCION 
VALUES (102,'S02',TO_DATE('21-02-2023','DD-MM-YYYY'),
        TO_DATE('21-02-2023','DD-MM-YYYY'),
        NULL,502,'Entregado');

INSERT INTO MANTENCION 
VALUES (103,'S02',TO_DATE('09-10-2023','DD-MM-YYYY'),
        NULL,NULL,502,'Anulado');

INSERT INTO MANTENCION 
VALUES (104,'S03',TO_DATE('11-08-2023','DD-MM-YYYY'),
        TO_DATE('18-08-2023','DD-MM-YYYY'),
        NULL,509,'Entregado');

INSERT INTO MANTENCION 
VALUES (105,'S03',TO_DATE('03-12-2023','DD-MM-YYYY'),
        NULL,NULL,509,'Ingresado');*/

-- Inserts para subsanar ejemplo incorrecto de mantenciones con patente_auto null

INSERT INTO CLIENTE 
VALUES (11111111,'1','Juan',NULL,'Perez','Gomez','912345678',NULL,'P');

INSERT INTO CLIENTE 
VALUES (22222222,'2','Maria',NULL,'Lopez','Diaz','923456789',NULL,'P');

INSERT INTO TIPO_AUTOMOVIL 
VALUES ('SED','Sedan');

INSERT INTO TIPO_AUTOMOVIL 
VALUES ('SUV','SUV');

INSERT INTO MARCA 
VALUES (1,'Toyota');

INSERT INTO MARCA 
VALUES (2,'Hyundai');

INSERT INTO MODELO 
VALUES (1,1,'Yaris');

INSERT INTO MODELO 
VALUES (2,2,'Tucson');

INSERT INTO AUTOMOVIL
VALUES ('AA1111',2020,4,30000,'Rojo','SED',1,1,11111111);

INSERT INTO AUTOMOVIL
VALUES ('BB2222',2021,5,20000,'Negro','SUV',2,2,22222222);

INSERT INTO AUTOMOVIL
VALUES ('CC3333',2019,4,45000,'Blanco','SED',1,1,11111111);

-- Mantencion con campo corregido patente no es null
-- la data presentada en el ejemplo mostraba lo contrario

-- INSERT INTO MANTENCION (num_mantencion,cod_sucursal,fecha_ingreso,fecha_salida,patente_auto,cod_mecanico,estado)
INSERT INTO MANTENCION 
VALUES (101,'S01',TO_DATE('12-04-2023','DD-MM-YYYY'),
        NULL,'AA1111',481,'Reserva');

INSERT INTO MANTENCION 
VALUES (102,'S02',TO_DATE('21-02-2023','DD-MM-YYYY'),
        TO_DATE('21-02-2023','DD-MM-YYYY'),
        'BB2222',502,'Entregado');

INSERT INTO MANTENCION 
VALUES (103,'S02',TO_DATE('09-10-2023','DD-MM-YYYY'),
        NULL,'AA1111',502,'Anulado');

INSERT INTO MANTENCION 
VALUES (104,'S03',TO_DATE('11-08-2023','DD-MM-YYYY'),
        TO_DATE('18-08-2023','DD-MM-YYYY'),
        'CC3333',509,'Entregado');

INSERT INTO MANTENCION 
VALUES (105,'S03',TO_DATE('03-12-2023','DD-MM-YYYY'),
        NULL,'BB2222',509,'Ingresado');
        
        
------------------------------------------------------------
------------------------------------------------------------

-- Caso 4: Recuperación de Datos y generación de informes

-- Informe 1

SELECT
    cod_mecanico AS "ID MECANICO",
    CONCAT(CONCAT(pnombre, ' '), apaterno) AS "NOMBRE MECANICO",
    sueldo AS "SALARIO",
    monto_impuestos AS "IMPUESTO ACTUAL",
    ROUND(monto_impuestos * 0.8) AS "IMPUESTO REBAJADO",
    sueldo - ROUND(monto_impuestos * 0.8) AS "SUELDO CON REBAJA IMPUESTOS"
FROM MECANICO
WHERE bono_jefatura IS NULL
  AND monto_impuestos < 40000
ORDER BY monto_impuestos DESC,
         apaterno ASC;

-- Informe 2

SELECT
    cod_mecanico AS "IDENTIFICADOR",
    CONCAT(CONCAT(CONCAT(pnombre, ' '), 
                  CONCAT(snombre, ' ')), 
           apaterno) AS "MECANICO",
    sueldo AS "SALARIO ACTUAL",
    ROUND(sueldo * 0.05) AS "AJUSTE",
    sueldo + ROUND(sueldo * 0.05) AS "SUELDO_REAJUSTADO"
FROM MECANICO
WHERE (sueldo BETWEEN 600000 AND 900000)
   OR cod_supervisor IS NULL
ORDER BY sueldo ASC,
         CONCAT(CONCAT(CONCAT(pnombre, ' '), 
                       CONCAT(snombre, ' ')), 
                apaterno) DESC;